speaker,dialogue,author,title,comedia
Finea,¿Así rasgas el papel?,Félix Lope De Vega Carpio,Las Bizarrías De Belisa Comedia Famosa,Jornada i
Belisa,"Cánsame el conde, Finea.",Félix Lope De Vega Carpio,Las Bizarrías De Belisa Comedia Famosa,Jornada i
Finea,¡Qué ingratitud!,Félix Lope De Vega Carpio,Las Bizarrías De Belisa Comedia Famosa,Jornada i
Belisa,Que lo sea me manda amor.,Félix Lope De Vega Carpio,Las Bizarrías De Belisa Comedia Famosa,Jornada i
Finea,Fuego en él; que pienso que no es tan vario en sus mudanzas el viento.,Félix Lope De Vega Carpio,Las Bizarrías De Belisa Comedia Famosa,Jornada i
Belisa,Navega mi pensamiento por otro rumbo contrario. Castigó mi voluntad el cielo.,Félix Lope De Vega Carpio,Las Bizarrías De Belisa Comedia Famosa,Jornada i
Finea,"No sé si diga que justamente castiga, señora, tu libertad. Tanto despreciar amantes, tanto desechar maridos, tanto hacer de los oídos arracadas de diamantes, claro está que habían de dar en ocasión al amor para vengar tu rigor.",Félix Lope De Vega Carpio,Las Bizarrías De Belisa Comedia Famosa,Jornada i
Belisa,Bien se ha sabido vengar.,Félix Lope De Vega Carpio,Las Bizarrías De Belisa Comedia Famosa,Jornada i
Finea,"¡Oh qué bien los has vengado con querer agora bien a quien... ni aun sabes a quién ni él tampoco tu cuidado! Tus desdenes, con razón, agora diciendo están: «¿Qué se hizo el rey don Juan? Los infantes de Aragón ¿qué se hicieron?».",Félix Lope De Vega Carpio,Las Bizarrías De Belisa Comedia Famosa,Jornada i
Belisa,"No presumas que de esta mudanza estoy arrepentida, aunque doy agua al mar, al viento plumas; porque tengo la memoria de este necio amor tan llena, que juzgo poca la pena para tan inmensa gloria. ¿Llaman?",Félix Lope De Vega Carpio,Las Bizarrías De Belisa Comedia Famosa,Jornada i
Finea,Sí.,Félix Lope De Vega Carpio,Las Bizarrías De Belisa Comedia Famosa,Jornada i
Belisa,Pues quiero hablarte con más espacio después. Mira quién es.,Félix Lope De Vega Carpio,Las Bizarrías De Belisa Comedia Famosa,Jornada i
Finea,"Celia es, que ha venido a visitarte.",Félix Lope De Vega Carpio,Las Bizarrías De Belisa Comedia Famosa,Jornada i
Celia,Prospere tu vida el cielo.,Félix Lope De Vega Carpio,Las Bizarrías De Belisa Comedia Famosa,Jornada i
Belisa,"No sé, Celia, si querrá tener ese gusto ya.",Félix Lope De Vega Carpio,Las Bizarrías De Belisa Comedia Famosa,Jornada i
Celia,"Ya la novedad recelo: dijéronme que te habían visto con luto en la calle Mayor, aunque gala y talle la causa contradecían, y hallo que todo es verdad; pero tanta bizarría no es tristeza.",Félix Lope De Vega Carpio,Las Bizarrías De Belisa Comedia Famosa,Jornada i
Belisa,"Celia mía, murió...",Félix Lope De Vega Carpio,Las Bizarrías De Belisa Comedia Famosa,Jornada i
Celia,¿Quién?,Félix Lope De Vega Carpio,Las Bizarrías De Belisa Comedia Famosa,Jornada i
Belisa,...mi libertad.,Félix Lope De Vega Carpio,Las Bizarrías De Belisa Comedia Famosa,Jornada i
Celia,Es imposible que en ti haya faltado el desdén.,Félix Lope De Vega Carpio,Las Bizarrías De Belisa Comedia Famosa,Jornada i
Belisa,¿No es faltarme querer bien?,Félix Lope De Vega Carpio,Las Bizarrías De Belisa Comedia Famosa,Jornada i
Celia,¿Tú querer bien?,Félix Lope De Vega Carpio,Las Bizarrías De Belisa Comedia Famosa,Jornada i
Belisa,Yo.,Félix Lope De Vega Carpio,Las Bizarrías De Belisa Comedia Famosa,Jornada i
Celia,¿Tú?,Félix Lope De Vega Carpio,Las Bizarrías De Belisa Comedia Famosa,Jornada i
Belisa,Sí. Ya cesaron mis rigores.,Félix Lope De Vega Carpio,Las Bizarrías De Belisa Comedia Famosa,Jornada i
Celia,"Veré primero sembrado de estrellas del cielo el prado, y el cielo de hierba y flores; y, trocando el natural efeto, veré también a la envidia decir bien y a la virtud hablar mal; veré la ciencia premiada y la ignorancia abatida, que es la verdad bien oída y que la lisonja enfada, y el imposible mayor: dar honra al que está sin ella, que crea, Belisa bella, que puedes tener amor.",Félix Lope De Vega Carpio,Las Bizarrías De Belisa Comedia Famosa,Jornada i
Belisa,"Una tarde, cuando el sol dicen que en el mar se esconde, y se le ponen delante las cabezas de los montes, cuando por aquella raya, que con varios tornasoles divide el cielo y la tierra, y los días y las noches, nubes de púrpura y oro van usurpando colores a las plumas de los aires, y a las ramas de los bosques, iba sola con Finea, amiga Celia, en mi coche, tan sol de mi libertad cuanto luego fui Faetonte: que nunca verás tan altas las soberbias presunciones, que no las fulminen rayos como a las soberbias torres. Era en la parte del Prado, que igualmente corresponde a esa fuente, Castellana por la claridad del nombre, que también hay fuentes cultas, que, aunque oscuras, al fin corren como versos y abanillos -quiera el cielo que se logren-. Iba Finea cantando en gracia de mis blasones finezas del conde Enrique, que ya conoces al conde y a sus papeles escritos, para que, cuando me toque, como papel de alfileres, tenga papeles de amores, y a mis locas bizarrías, desprecios y disfavores, como si hubiera nacido de las entrañas de un roble, cuando veo un caballero con el semblante conforme al suceso que esperaba. Volvió la cara, y parose a escuchar quién le seguía; pero con pocas razones, desnudando las espadas, los ferreruelos recogen. El que digo, el pie delante, con el contrario afirmose, gala y valor, que en mi vida vi hombre tan gentilhombre. No era el otro menos diestro. No te parezca desorden que siendo mujer te cuente lo que es bien que ellas ignoren; que, aunque aguja y almohadilla son nuestras mallas y estoques, mujeres celebra el mundo que han gobernado escuadrones: Semíramis y Cleopatra, poetas e historiadores celebran, y fue Tomiris famosa por todo el orbe. ¿No has visto cuando dos juegan que, sin conocerse, escoge uno de los dos quien mira, sin que el provecho le importe, y quiere que el otro pierda, sin saber que esto se obre por conformidad de estrellas que infunden inclinaciones? Pues de esa suerte mi alma súbitamente se pone al lado del que juzgaba por más galán y más noble. Alzó el contrario de tajo, a quien mi ahijado embebiole una punta, con que dio en tierra; mas levantose presto, porque después supe que traía un peto doble de Milán, labrado a prueba del plomo, que muros rompe. Acudieron a este punto, tirándole varios golpes, tres hombres a mi galán, cosa indigna de españoles. Pero dicen entre amigos que el enemigo perdone, que solo es vil el que huye y valiente el que socorre. Con razón o sin razón, salto de mi coche entonces, quito la espada al cochero, que arrimado a los frisones miraba a pie la pendencia, todo tabaco y bigotes, como si estuviera el necio de la plaza en los balcones y el conde de Cantillana acuchillando leones; y partiendo al caballero me pongo de Rodamonte a su lado. ¡Cosa extraña! En fin, hombres de la corte, pues se volvieron humildes los que llegaron feroces. Agradecido el galán de dos tan nuevas acciones, comenzó a hablarme, y no pudo, porque de lejos dan voces que la justicia venía; que no hay santelmo en el tope después de la tempestad que como una vara asome. Díjele: «En mi coche entrad que si los caballos corren, porque estos no son de aquellos que repiten para cofres, presto estaremos en salvo». Entró el galán y sentose en la proa, y yo en la popa, como campos fronte a fronte. Viendo que nadie venía, templó el cochero el galope y en la fuente Castellana, para descansar, parose. Yo siempre que voy al Prado llevo un búcaro. Tomole el cochero y dionos agua. Dile yo una alcorza, y diome las gracias en un requiebro que la mano agradeciole. Con esto le persuadí a que, dejando favores, me contase la ocasión de la pendencia, que sobre cosas de amor sospechaba; que hay profetas corazones, pues antes que la dijese celos me daban temores; que el que ha de matarla, sabe la garza entre mil halcones. En fin, dijo de esta suerte, -agora a escucharme ponte, para que como él a mí, de mi desdicha te informe-: «Yo soy don Juan de Cardona, hijo del señor don Jorge de Cardona, aragonés, y doña Juana de Aponte. Nací segundo en mi casa y así mi padre enviome a Flandes, donde he servido desde los años catorce hasta la edad en que estoy. Volví con informaciones de mis servicios, y cartas de aquel ángel que coronen los cielos, infanta de Austria, de divinos resplandores, tía del rey, que Dios guarde. Pretendí luego en la corte a guisa de otros soldados; pero entre estas pretensiones de un hábito, vi una tarde con otro de chamelote, un serafín de marfil, con toda el alma de bronce. Quedé sin ella, seguila, servila, y agradeciome la voluntad, retirando todo lo que no es amores. Gasté, empobrecí. Mi padre, enojado, descuidose de mi socorro, y Lucinda -que este es de esta dama el nombre-, desdeñosa, a puros celos me mata viéndome pobre; que no hay finezas que obliguen ni lágrimas que enamoren». Cuando esto dijo, quisiera sacar los ojos traidores que por otra habían llorado. ¡Mirad qué envidia tan torpe! Prosiguió que la pendencia fue por ser competidores él y el galán, porque teme que si la obliga, la goce. Finalmente paró el caso en tantas lamentaciones, que sin saber por qué causa quise arrojarle del coche. Él llorando y yo sin alma llegamos casi a las once a mi posada; roguele que me viese, y respondiome que sería esclavo mío, con mil tiernas sumisiones y, despedido e ingrato, a ver su dama partiose. Quedé tan necia que apenas sé por qué, cómo, ni dónde amo, envidio y con los celos temo que loca me torne, porque pienso que es castigo de aquellos tiranos dioses Venus y Amor, de quien hice burla y los llamé embaidores. Troqué las galas en lutos, la libertad en prisiones, la bizarría en descuidos, y en humildad los rigores; ni voy al Prado, ni al río; no hay cosa que no me enoje; a la música soy áspid, veneno a fuentes y flores. Soy, no soy, vivo, no vivo, y entre tantas confusiones ni sé dónde he puesto el alma ni ella misma me conoce.",Félix Lope De Vega Carpio,Las Bizarrías De Belisa Comedia Famosa,Jornada i
Celia,"Es suceso tan estraño que, a no ser tuyo, no fuera posible que le creyera. Pagas justamente el daño que has hecho a tantos, ingrata. Locura debe de ser querer quien otra mujer deja, aborrece y maltrata. Pero de tu entendimiento la mayor locura ha sido, Belisa, no haber querido divertir el pensamiento. ¿Ya no vas, como solías, al Prado ni al Soto?",Félix Lope De Vega Carpio,Las Bizarrías De Belisa Comedia Famosa,Jornada i
Belisa,"No, que más me entretengo yo, Celia, en las tristezas mías, que en el lugar más remoto con mayor descanso estamos.",Félix Lope De Vega Carpio,Las Bizarrías De Belisa Comedia Famosa,Jornada i
Celia,"Así vivas, que salgamos estas mañanas al Soto.",Félix Lope De Vega Carpio,Las Bizarrías De Belisa Comedia Famosa,Jornada i
Belisa,"Si va a decir la verdad, que encubrirla no es razón ni a mi justa obligación ni a tu segura amistad, con la ocasión de este mes, de tantas damas paseo, salgo al campo, a ver si veo quien me ha de matar después; mas ni en sotos ni en retiros le he visto, ni él vuelve a verme.",Félix Lope De Vega Carpio,Las Bizarrías De Belisa Comedia Famosa,Jornada i
Celia,"Como en otros brazos duerme no despierta a tus suspiros. Pero salgamos mañana, que en mi buena dicha espero hallar ese caballero; que tengo por cosa llana que, si le vuelves a ver y más despacio mirar, no solo no le has de amar pero le has de aborrecer: que muchas cosas agradan miradas súbitamente, mas pasa aquel accidente y, vistas despacio, enfadan.",Félix Lope De Vega Carpio,Las Bizarrías De Belisa Comedia Famosa,Jornada i
Belisa,"¡Ay, Celia! Yo quiero darte crédito y seguir tu voto. Disfrazada voy al Soto.",Félix Lope De Vega Carpio,Las Bizarrías De Belisa Comedia Famosa,Jornada i
Celia,Y yo quiero acompañarte.,Félix Lope De Vega Carpio,Las Bizarrías De Belisa Comedia Famosa,Jornada i
Belisa,No ha de salir el aurora cuando estés aquí.,Félix Lope De Vega Carpio,Las Bizarrías De Belisa Comedia Famosa,Jornada i
Celia,Sí haré.,Félix Lope De Vega Carpio,Las Bizarrías De Belisa Comedia Famosa,Jornada i
Belisa,"Dar a tus consejos fe mis esperanzas mejora, porque de la luna el velo, mirado con atención, descubre manchas que son indignas de tanto cielo.",Félix Lope De Vega Carpio,Las Bizarrías De Belisa Comedia Famosa,Jornada i
Juan,"Tello, el amor no gusta de consejos, y más del inferior.",Félix Lope De Vega Carpio,Las Bizarrías De Belisa Comedia Famosa,Jornada i
Tello,"¿Qué mayor prueba de que el amor es loco sin los consejos, de la vida espejos?",Félix Lope De Vega Carpio,Las Bizarrías De Belisa Comedia Famosa,Jornada i
Juan,Y para el ciego amor ¿es cosa nueva tener la vida y aun el alma en poco?,Félix Lope De Vega Carpio,Las Bizarrías De Belisa Comedia Famosa,Jornada i
Tello,"Quien tiene vista al que le falta guía, que si entrambos son ciegos, van perdidos. Cuando tu amor Lucinda agradecía, estaban disculpados tus sentidos; pero agora que quiere bien a Otavio es infamia de amor sufrir su agravio, si no buscar remedio...",Félix Lope De Vega Carpio,Las Bizarrías De Belisa Comedia Famosa,Jornada i
Juan,¿Qué remedio?,Félix Lope De Vega Carpio,Las Bizarrías De Belisa Comedia Famosa,Jornada i
Tello,Poner otros amores de por medio; que así se curan cuantos han querido porque otro amor es el más breve olvido.,Félix Lope De Vega Carpio,Las Bizarrías De Belisa Comedia Famosa,Jornada i
Juan,"¿Con qué dinero, necio?",Félix Lope De Vega Carpio,Las Bizarrías De Belisa Comedia Famosa,Jornada i
Tello,No todos los amores tienen precio. Méritos tienes. Ama. ¿Ha de faltar una mostrenca dama que te quiera por gusto?,Félix Lope De Vega Carpio,Las Bizarrías De Belisa Comedia Famosa,Jornada i
Juan,"Majadero, ¿amores en la corte sin dinero, y más agora que tan caro es todo?",Félix Lope De Vega Carpio,Las Bizarrías De Belisa Comedia Famosa,Jornada i
Tello,"Pues yo no sé otro modo, ni hay médico en el mundo que, tomando el pulso a un amador aborrecido, no le recete otra mujer.",Félix Lope De Vega Carpio,Las Bizarrías De Belisa Comedia Famosa,Jornada i
Juan,"Si cuando voy a buscar de tanto amor olvido, se me pone delante la hermosura de Lucinda, ¿podré yo por ventura decir amores a otra cara?",Félix Lope De Vega Carpio,Las Bizarrías De Belisa Comedia Famosa,Jornada i
Tello,"Bueno, una purga es veneno y por tener salud la toma un hombre.",Félix Lope De Vega Carpio,Las Bizarrías De Belisa Comedia Famosa,Jornada i
Juan,"Tello, ya no hay mujer que no me asombre.",Félix Lope De Vega Carpio,Las Bizarrías De Belisa Comedia Famosa,Jornada i
Tello,"Alejandro lloraba porque había un mundo solo, que con uno solo dijo que no podía, con tanta tierra y mar de polo a polo, satisfacer su pecho. Tú lo contrario has hecho: que sola una mujer en Madrid quieres habiendo treinta mundos de mujeres: morenas, pelirrubias, gordas, flacas, unas mudas de lengua, otras urracas, discretas, mentecatas, bachilleras, airosas en las burlas y en las veras; hay enanas, hay largas como trampa, unas con pies de apóstol, consoladas del ponleví que imprime poca estampa, y otras que en vez pudieran de arracadas traer las zapatillas; hay lázaras mujeres, de amarillas, que salen del sepulcro de las camas, y otras que de clavel parecen ramas; hay romas, hay pioquintas; unas que se contentan con dos cintas y otras como tarascas de dineros, que engullen mayorazgos por sombreros; unas piadosas y otras socarronas, tales severas, tales juguetonas; unas mudables por andar más frescas y otras firmes de amor como tudescas; pero en siendo mujeres, sean morenas, sean blancas o no, todas son buenas.",Félix Lope De Vega Carpio,Las Bizarrías De Belisa Comedia Famosa,Jornada i
Juan,¡Qué pintura tan necia!,Félix Lope De Vega Carpio,Las Bizarrías De Belisa Comedia Famosa,Jornada i
Tello,"Pues yo, señor, ¿qué he dicho de Lucrecia la casta y en camisa, de Porcia y Artemisa, una avestruz de hierros encendidos, y otra sepultura de maridos?",Félix Lope De Vega Carpio,Las Bizarrías De Belisa Comedia Famosa,Jornada i
Juan,¡Ay puerta! ¡Ay dulce rejas! A Lucinda llevad mis tristes quejas.,Félix Lope De Vega Carpio,Las Bizarrías De Belisa Comedia Famosa,Jornada i
Tello,"Pues ya que llegas, llama.",Félix Lope De Vega Carpio,Las Bizarrías De Belisa Comedia Famosa,Jornada i
Juan,Aun llegar a llamar teme quien ama.,Félix Lope De Vega Carpio,Las Bizarrías De Belisa Comedia Famosa,Jornada i
Fabia,¿Quién llama? ¿Quién está ahí?,Félix Lope De Vega Carpio,Las Bizarrías De Belisa Comedia Famosa,Jornada i
Juan,"Dile, Fabia, a tu señora que estoy aquí.",Félix Lope De Vega Carpio,Las Bizarrías De Belisa Comedia Famosa,Jornada i
Fabia,No es agora tiempo de llamar ansí.,Félix Lope De Vega Carpio,Las Bizarrías De Belisa Comedia Famosa,Jornada i
Juan,¿Por qué razón?,Félix Lope De Vega Carpio,Las Bizarrías De Belisa Comedia Famosa,Jornada i
Fabia,Porque está desnudándose.,Félix Lope De Vega Carpio,Las Bizarrías De Belisa Comedia Famosa,Jornada i
Juan,¿Tan presto?,Félix Lope De Vega Carpio,Las Bizarrías De Belisa Comedia Famosa,Jornada i
Fabia,"No fuera término honesto abriros la puerta ya. Id con Dios, don Juan, que habemos de madrugar para ir al Soto.",Félix Lope De Vega Carpio,Las Bizarrías De Belisa Comedia Famosa,Jornada i
Juan,¡Que vengo a oír tal crueldad!,Félix Lope De Vega Carpio,Las Bizarrías De Belisa Comedia Famosa,Jornada i
Tello,No hagas estremos. Mira que en la calle estás.,Félix Lope De Vega Carpio,Las Bizarrías De Belisa Comedia Famosa,Jornada i
Juan,"Fabia, Fabia, espera.",Félix Lope De Vega Carpio,Las Bizarrías De Belisa Comedia Famosa,Jornada i
Fabia,Espero. ¿Qué quieres?,Félix Lope De Vega Carpio,Las Bizarrías De Belisa Comedia Famosa,Jornada i
Juan,Di que la quiero una palabra no más.,Félix Lope De Vega Carpio,Las Bizarrías De Belisa Comedia Famosa,Jornada i
Fabia,"Bueno, en comenzando a hablar tanto vendrás a empeñarte que venga el sol a rogarte que la dejes acostar.",Félix Lope De Vega Carpio,Las Bizarrías De Belisa Comedia Famosa,Jornada i
Juan,"Abre, Fabia.",Félix Lope De Vega Carpio,Las Bizarrías De Belisa Comedia Famosa,Jornada i
Fabia,¡Qué locura!,Félix Lope De Vega Carpio,Las Bizarrías De Belisa Comedia Famosa,Jornada i
Lucinda,¿Con quién hablas?,Félix Lope De Vega Carpio,Las Bizarrías De Belisa Comedia Famosa,Jornada i
Fabia,Con don Juan de Cardona.,Félix Lope De Vega Carpio,Las Bizarrías De Belisa Comedia Famosa,Jornada i
Lucinda,¿Y qué dirán de tanta descompostura en la peor vecindad que tiene calle en Madrid?,Félix Lope De Vega Carpio,Las Bizarrías De Belisa Comedia Famosa,Jornada i
Juan,"Lucinda hermosa, advertid, que es linaje de crueldad, indigno de un caballero como yo, tratarme ansí.",Félix Lope De Vega Carpio,Las Bizarrías De Belisa Comedia Famosa,Jornada i
Lucinda,"Lo que Fabia os dijo aquí daros por disculpa quiero, porque habiendo de salir del alba al primer albor, no será razón, señor, que no me dejéis dormir. El afeite natural en el buen sueño reposa, que no se levanta hermosa mujer que ha dormido mal. Id con Dios y presumid que os amo y tengo respeto.",Félix Lope De Vega Carpio,Las Bizarrías De Belisa Comedia Famosa,Jornada i
Juan,"Que yo me fuera os prometo, señora, pero advertid que ver a Fabia turbada tan necios celos me ha dado que pienso que lo ha causado el estar vos ocupada. Abrid, que con solo entrar luego me vuelvo a salir.",Félix Lope De Vega Carpio,Las Bizarrías De Belisa Comedia Famosa,Jornada i
Lucinda,"Esta no es hora de abrir ni de dar que murmurar; que hay vecina tan liviana que para escuchar despierta, apenas oye la puerta cuando ocupa la ventana. Hacedme esta cortesía de que os vais.",Félix Lope De Vega Carpio,Las Bizarrías De Belisa Comedia Famosa,Jornada i
Juan,Es imposible sin entrar.,Félix Lope De Vega Carpio,Las Bizarrías De Belisa Comedia Famosa,Jornada i
Lucinda,Ya estáis terrible.,Félix Lope De Vega Carpio,Las Bizarrías De Belisa Comedia Famosa,Jornada i
Juan,"Amor, Lucinda, porfía que le lleve a vuestra sala solo a dejar estos celos.",Félix Lope De Vega Carpio,Las Bizarrías De Belisa Comedia Famosa,Jornada i
Lucinda,"Ponerme en tantos desvelos ni es cortesía, ni es gala. Id con Dios, que puede ser que os resulte algún pesar.",Félix Lope De Vega Carpio,Las Bizarrías De Belisa Comedia Famosa,Jornada i
Juan,Pues ¡vive Dios que he de entrar y que lo tengo de ver!,Félix Lope De Vega Carpio,Las Bizarrías De Belisa Comedia Famosa,Jornada i
Lucinda,¿Golpes a mi puerta?,Félix Lope De Vega Carpio,Las Bizarrías De Belisa Comedia Famosa,Jornada i
Juan,Y coces hasta ponerla en el suelo.,Félix Lope De Vega Carpio,Las Bizarrías De Belisa Comedia Famosa,Jornada i
Otavio,A tanta descortesía y a tan loco atrevimiento saldrá el honor de esta casa a castigar vuestros celos. La puerta está abierta. Entrad.,Félix Lope De Vega Carpio,Las Bizarrías De Belisa Comedia Famosa,Jornada i
Juan,"No era sin causa el tenerlos. Vuesas mercedes me digan si son hermanos o deudos de esta dama, o son galanes.",Félix Lope De Vega Carpio,Las Bizarrías De Belisa Comedia Famosa,Jornada i
Otavio,"Pues que no quiere entrar dentro, donde supiera quién somos, afuera se lo diremos.",Félix Lope De Vega Carpio,Las Bizarrías De Belisa Comedia Famosa,Jornada i
Juan,"Salgan, y sabrán también, con los celos o sin ellos, que soy don Juan de Cardona.",Félix Lope De Vega Carpio,Las Bizarrías De Belisa Comedia Famosa,Jornada i
Tello,"Y yo Tello, su escudero.",Félix Lope De Vega Carpio,Las Bizarrías De Belisa Comedia Famosa,Jornada i
Lucinda,"¡Ay, Fabia! ¿Qué haré?",Félix Lope De Vega Carpio,Las Bizarrías De Belisa Comedia Famosa,Jornada i
Fabia,"Acostarte, y dense.",Félix Lope De Vega Carpio,Las Bizarrías De Belisa Comedia Famosa,Jornada i
Lucinda,Sin alma quedo.,Félix Lope De Vega Carpio,Las Bizarrías De Belisa Comedia Famosa,Jornada i
Juan,"Aquí, Tello.",Félix Lope De Vega Carpio,Las Bizarrías De Belisa Comedia Famosa,Jornada i
Tello,"Vengan otros, que estos ya huelen a muertos. (Vanse, y salen el  CONDE ENRIQUE y FERNANDO, criado.)",Félix Lope De Vega Carpio,Las Bizarrías De Belisa Comedia Famosa,Jornada i
Conde,Bravo mayo.,Félix Lope De Vega Carpio,Las Bizarrías De Belisa Comedia Famosa,Jornada i
Fernando,No permite distancia sin flor al suelo.,Félix Lope De Vega Carpio,Las Bizarrías De Belisa Comedia Famosa,Jornada i
Conde,Con las estrellas del cielo en el número compite.,Félix Lope De Vega Carpio,Las Bizarrías De Belisa Comedia Famosa,Jornada i
Fernando,Crecido va Manzanares.,Félix Lope De Vega Carpio,Las Bizarrías De Belisa Comedia Famosa,Jornada i
Conde,"Imita al que ruin nació, que cuando crecer se vio despreció los patrios lares; que al humilde nacimiento sucede como a este río: que descubre en el estío su arenoso fundamento. ¡Oh, bien haya aquel discreto que cuando se mejoró de fortuna, se quedó con aquel mismo sujeto! No disminuye el valor: antes muestra en parte alguna quien desprecia la fortuna que la merece mayor. Muchos conozco yo aquí tan discretos en su estado, que todo lo que han mudado es lo que hay fuera de sí. Pero esto aparte dejando y viniendo al desatino, con que aquel desdén divino me quiere matar, Fernando, ¿cómo no ha venido a ser de aquestos campos aurora, que ya dice el sol que es hora de salir y amanecer?",Félix Lope De Vega Carpio,Las Bizarrías De Belisa Comedia Famosa,Jornada i
Fernando,"Estarase componiendo de galas y bizarrías, con que estos festivos días sale de Aurora riendo, y en este verde teatro hace la madre de Amor.",Félix Lope De Vega Carpio,Las Bizarrías De Belisa Comedia Famosa,Jornada i
Conde,"Yo, que adoro su rigor y su desdén idolatro, conjuraré su donaire para que venga.",Félix Lope De Vega Carpio,Las Bizarrías De Belisa Comedia Famosa,Jornada i
Fernando,Ya espero que te obedezca ligero su espíritu por el aire.,Félix Lope De Vega Carpio,Las Bizarrías De Belisa Comedia Famosa,Jornada i
Conde,"Ponte el sombrero, Belisa, pluma blanca y randas negras, aunque no ha menester plumas quien en tales pies las lleva. Ponte al espejo y retrata en su cristal tu belleza, para que tengas envidia de que nadie te parezca; que tú sola de ti misma puedes trasladar las señas, formando tú y el cristal otra mentira tan bella. Mira que te aguarda el Soto y que en su verde alameda aún no han cantado las aves por esperar que amanezcas. Péinate el pelo a lo llano y no le rices en trenzas, que, si te ven la jaulilla, harás que las aves teman. Mira que rosas y lirios, para salir a la selva, no rompen la verde cárcel hasta que les des licencia. Sarta de cuentas de vidro banda de tu cuello sea, porque cuando te la quites quede convertida en perlas. Con las flordelises de oro ponte la verde pollera, pues que son pueblos en Francia mi esperanza y tus defensas. Para que la cuesta bajes, a tus chinelas acuerda que hay muchos ojos que suben cuando se bajan las cuestas. Ponte en la cabeza rosas y en los zapatos rosetas, de manera que en los pies y en la cabeza se vean, aunque yo tengo más celos del pie que de la cabeza que, aunque toda vas florida, no a lo menos toda honesta. Ven a matar de mañana, aunque el amor forme quejas que esté durmiendo el aurora y tú, Belisa, despierta. Si alguno te dice amores de estos que de hablar se precian, di que no vas a mirar, sino solo a que te vean. Así, discreta Belisa, segura del Soto vuelvas; que no te engañen los ojos esto que llaman guedejas. Ponte el manto sevillano, no saques más de una estrella, que no has menester más armas ni el amor gastar sus flechas. Más airosa vas tapada, y al fin con menos sospecha que matando cuanto mires, te conozcan y te prendan. Bien puedes salir, que ya los ruiseñores comienzan a ser campanas del alba para que la tuya venga.",Félix Lope De Vega Carpio,Las Bizarrías De Belisa Comedia Famosa,Jornada i
Fernando,"Quedo, no conjures más.",Félix Lope De Vega Carpio,Las Bizarrías De Belisa Comedia Famosa,Jornada i
Conde,¿Por qué?,Félix Lope De Vega Carpio,Las Bizarrías De Belisa Comedia Famosa,Jornada i
Fernando,Porque ya se acerca.,Félix Lope De Vega Carpio,Las Bizarrías De Belisa Comedia Famosa,Jornada i
Conde,"¡Oh, conjuros amorosos, divina tenéis la fuerza!",Félix Lope De Vega Carpio,Las Bizarrías De Belisa Comedia Famosa,Jornada i
Belisa,¿Adónde Celia quedó?,Félix Lope De Vega Carpio,Las Bizarrías De Belisa Comedia Famosa,Jornada i
Finea,Con unas amigas queda sentada orilla del río.,Félix Lope De Vega Carpio,Las Bizarrías De Belisa Comedia Famosa,Jornada i
Belisa,"Como no tiene mis penas, cansose de verme andar buscando la causa de ellas. Mucho es que aquestas mañanas don Juan al Soto no venga.",Félix Lope De Vega Carpio,Las Bizarrías De Belisa Comedia Famosa,Jornada i
Finea,Tendrale preso Lucinda.,Félix Lope De Vega Carpio,Las Bizarrías De Belisa Comedia Famosa,Jornada i
Belisa,¿Cómo? Si don Juan se queja de sus desdenes y engaños.,Félix Lope De Vega Carpio,Las Bizarrías De Belisa Comedia Famosa,Jornada i
Finea,¡Qué bien tus celos consuelas!,Félix Lope De Vega Carpio,Las Bizarrías De Belisa Comedia Famosa,Jornada i
Belisa,"¡Ay, Finea, el conde!",Félix Lope De Vega Carpio,Las Bizarrías De Belisa Comedia Famosa,Jornada i
Finea,"Amor hoy quiere que coger puedas, en el Soto de Madrid, los azahares de Valencia.",Félix Lope De Vega Carpio,Las Bizarrías De Belisa Comedia Famosa,Jornada i
Conde,"Ya es tarde, Belisa ingrata, para encubriros de mí, que dentro del alma os vi, en cuyo espejo os retrata. Ya que los campos de plata la dorada aurora pisa, no envidien su dulce risa las aves, fuentes y flores cuando con más resplandores sale a los nuestros Belisa. Y aunque con sola una estrella podéis dar luz, no es razón que esconda el manto a traición la que ha venido con ella. Descubrid, Belisa bella, la que venís ocultando; mátenme entrambas, que cuando es tan cierta la vitoria, bien es que partan la gloria de haberme muerto mirando. La mayor honestidad que fue de la villa espejo le debe al campo el despejo de su verde soledad. Descubrid, mirad, matad; que es cruel razón de estado mostrar, con el desenfado de que amor se maravilla, bizarrías en la villa y desdenes en el prado.",Félix Lope De Vega Carpio,Las Bizarrías De Belisa Comedia Famosa,Jornada i
Belisa,"No por veros me encubrí, cuando me alegré de veros.",Félix Lope De Vega Carpio,Las Bizarrías De Belisa Comedia Famosa,Jornada i
Conde,Gracias al amor y al campo en que más humana os veo. ¿Queréis escucharme?,Félix Lope De Vega Carpio,Las Bizarrías De Belisa Comedia Famosa,Jornada i
Belisa,"Sí, que tan cortés caballero no dirá cosa en mi agravio.",Félix Lope De Vega Carpio,Las Bizarrías De Belisa Comedia Famosa,Jornada i
Conde,Oíd.,Félix Lope De Vega Carpio,Las Bizarrías De Belisa Comedia Famosa,Jornada i
Juan,"No descubro, Tello, en todo el Soto, a Lucinda, y en su casa nos dijeron que había salido al campo.",Félix Lope De Vega Carpio,Las Bizarrías De Belisa Comedia Famosa,Jornada i
Tello,"Que nos engañaron temo, que esto de enviar al Soto siempre ha sido mal agüero.",Félix Lope De Vega Carpio,Las Bizarrías De Belisa Comedia Famosa,Jornada i
Juan,"No estará, Tello, Lucinda con Otavio por lo menos.",Félix Lope De Vega Carpio,Las Bizarrías De Belisa Comedia Famosa,Jornada i
Tello,Bravo revés le pegaste.,Félix Lope De Vega Carpio,Las Bizarrías De Belisa Comedia Famosa,Jornada i
Juan,"Como le sentí en el pecho defensa, tiré por alto.",Félix Lope De Vega Carpio,Las Bizarrías De Belisa Comedia Famosa,Jornada i
Tello,"Si no llega gente, creo que en enero vuelvo a Julio: tirele un tajo, y abriendo el broquel subió tan alto por esos aires el medio que, apartadas las estrellas, pienso que no estuvo un dedo de descalabrar la luna.",Félix Lope De Vega Carpio,Las Bizarrías De Belisa Comedia Famosa,Jornada i
Juan,"Vengué con sangre mis celos; mas mira, por Dios, si ves a Lucinda.",Félix Lope De Vega Carpio,Las Bizarrías De Belisa Comedia Famosa,Jornada i
Tello,Preguntemos por ella.,Félix Lope De Vega Carpio,Las Bizarrías De Belisa Comedia Famosa,Jornada i
Juan,¿A quién?,Félix Lope De Vega Carpio,Las Bizarrías De Belisa Comedia Famosa,Jornada i
Tello,"A este Soto, ejército de conejos. «Diga, señor Manzanares, sacamanchas de secretos, a quien debe su limpieza la información de los cuerpos, el que lava en el verano lo que se pecó el invierno, cuya espuma es de jabón, cuyas orillas de lienzo, ¿ha visto vuesa merced una mujer de buen gesto, muy enemiga de amores, muy amiga de dineros, que desde pobres acá la perdió don Juan por serlo, y con ella una criada, centella de aqueste fuego, que le hurta los borradores como los poetas versos?». Habla el río: «Esa mujer que habéis perdido, escudero, está en casa con Otavio, almorzando unos torreznos con sus duelos y quebrantos. ¡Tal me vinieran los duelos!». ¿De qué lo sabéis, buen río? «De que estoy en su aposento en un cántaro, que al rostro le doy el primer bosquejo». ¿Oyes lo que dice el río?",Félix Lope De Vega Carpio,Las Bizarrías De Belisa Comedia Famosa,Jornada i
Juan,Oigo que vienes muy necio.,Félix Lope De Vega Carpio,Las Bizarrías De Belisa Comedia Famosa,Jornada i
Finea,"Señora, señora, escucha.",Félix Lope De Vega Carpio,Las Bizarrías De Belisa Comedia Famosa,Jornada i
Belisa,¿Qué quieres?,Félix Lope De Vega Carpio,Las Bizarrías De Belisa Comedia Famosa,Jornada i
Finea,Don Juan y Tello están junto a aquellos olmos.,Félix Lope De Vega Carpio,Las Bizarrías De Belisa Comedia Famosa,Jornada i
Belisa,"Señor conde, yo me atrevo, en fe de vuestro valor, que me aguardéis un momento junto a aquel coche, entretanto que con aquel caballero hablo dos palabras solas.",Félix Lope De Vega Carpio,Las Bizarrías De Belisa Comedia Famosa,Jornada i
Conde,"Si siendo celoso puedo ser cortés, iré forzando mi paciencia a obedeceros; pero sufrir que un galán, Belisa, os diga requiebros, más viene a ser bajo estilo que amoroso sufrimiento.",Félix Lope De Vega Carpio,Las Bizarrías De Belisa Comedia Famosa,Jornada i
Belisa,"No es galán, aunque lo es, y así no hay de qué ofenderos, pues el nombre de marido siempre mereció respeto. De Aragón viene a casarse conmigo; que os vais os ruego, que no es de cobarde amante, en público ni en secreto, para no perder la dama, dejar el campo a su dueño.",Félix Lope De Vega Carpio,Las Bizarrías De Belisa Comedia Famosa,Jornada i
Conde,¿Que estáis casada?,Félix Lope De Vega Carpio,Las Bizarrías De Belisa Comedia Famosa,Jornada i
Belisa,No sé. Esto han tratado mis deudos.,Félix Lope De Vega Carpio,Las Bizarrías De Belisa Comedia Famosa,Jornada i
Conde,Por cierto que él es galán.,Félix Lope De Vega Carpio,Las Bizarrías De Belisa Comedia Famosa,Jornada i
Belisa,¿No os parece que me empleo justamente en él?,Félix Lope De Vega Carpio,Las Bizarrías De Belisa Comedia Famosa,Jornada i
Conde,Después os responderán mis celos.,Félix Lope De Vega Carpio,Las Bizarrías De Belisa Comedia Famosa,Jornada i
Belisa,"Señor don Juan, ¿los soldados y caballeros tan presto olvidan obligaciones?",Félix Lope De Vega Carpio,Las Bizarrías De Belisa Comedia Famosa,Jornada i
Juan,"Señora mía, no pienso que os ha ofendido mi olvido: falta, sí, de atrevimiento. Dos mil veces he querido, obligado a lo que os debo, ir a besaros la mano y a resolverme no acierto. ¡Qué buena ventura mía, pues la he tenido de veros, esta mañana me trujo donde tan hermosa os veo! ¡Qué bizarra! ¡Qué gallarda! ¡Qué talle! ¡Qué lindo aseo! ¿Qué jardín se debe a mayo, cuando abril se fue lloviendo tantas rosas, tantas flores? ¡Qué airosamente el sombrero, coronel de vuestros ojos, timbre de vuestros cabellos, os hace Marte del Soto, belicosamente Venus, para matar y dar vida a los mismos que habéis muerto!",Félix Lope De Vega Carpio,Las Bizarrías De Belisa Comedia Famosa,Jornada i
Belisa,"¿Lisonjas, después de olvidos? ¿Después de agravios, requiebros? Guardaldos para Lucinda. ¿Después de ingrato, discreto? No, señor don Juan. ¿Vos sois Cardona? ¿Vos caballero de Aragón? No hay más disculpa que decir «quiero y no tengo, de perdido por Lucinda». ¿Cómo os va con ella? ¿Hay celos? ¿Hay desdenes? ¿Hay galanes? Ya se deben de haber hecho las amistades. Hablad. ¿De qué os suspendéis?",Félix Lope De Vega Carpio,Las Bizarrías De Belisa Comedia Famosa,Jornada i
Juan,"No puedo deciros de mis desdichas más de que loco amanezco en su calle, donde el sol me deja, cuando por cercos de oro en el mar de occidente argenta el rubio cabello, hasta que peina el del alba con los rayos de su eterno curso, ilustrando los aires, dorando el verde elemento. Cual suele por verde selva celoso novillo, huyendo de su contrario, en los troncos romper la furia soberbio, temblar las ramas, sonando por varias partes los ecos, cubrir de polvo las nubes arañando el seco suelo, así yo la calle asombro, para mí selva de fuego, rompiendo a las duras rejas, con mis suspiros, los hierros.",Félix Lope De Vega Carpio,Las Bizarrías De Belisa Comedia Famosa,Jornada i
Belisa,¡Qué linda comparación! ¡Qué bien aplicado ejemplo! ¡Qué bien pintado novillo! ¡Qué amanecer! ¡Qué conceto! ¿Sois poeta?,Félix Lope De Vega Carpio,Las Bizarrías De Belisa Comedia Famosa,Jornada i
Juan,"¿Quién, señora, no ha hecho malos o buenos versos, amando? Que amor fue el inventor de los versos.",Félix Lope De Vega Carpio,Las Bizarrías De Belisa Comedia Famosa,Jornada i
Belisa,"En lo tierno se os conoce. ¿Queréis hacerme un soneto a una mujer, que castigan la fortuna, amor y el tiempo? La fortuna, por soberbia; por venganza, el amor ciego; y el tiempo, con derribar sus bizarros pensamientos. Tan necia que quiere a un hombre, después de tantos desprecios, que está abrasado por otra.",Félix Lope De Vega Carpio,Las Bizarrías De Belisa Comedia Famosa,Jornada i
Juan,"De componerle os prometo; pero advertid que no soy culto, que mi corto ingenio en darse a entender estudia.",Félix Lope De Vega Carpio,Las Bizarrías De Belisa Comedia Famosa,Jornada i
Tello,"Ninfa del sombrero al sesgo, ¿quiere veintidós palabras?",Félix Lope De Vega Carpio,Las Bizarrías De Belisa Comedia Famosa,Jornada i
Finea,"Quite veinte, y diga presto.",Félix Lope De Vega Carpio,Las Bizarrías De Belisa Comedia Famosa,Jornada i
Tello,"No sois vos de mala casta. Yo soy un mozo moreno, natural de Calahorra. Ya he dicho las dos, si tengo de hablar más, prorrogue el pacto.",Félix Lope De Vega Carpio,Las Bizarrías De Belisa Comedia Famosa,Jornada i
Finea,"Por no estorbar nuestros dueños, llegue cerca, y diga.",Félix Lope De Vega Carpio,Las Bizarrías De Belisa Comedia Famosa,Jornada i
Tello,Digo.,Félix Lope De Vega Carpio,Las Bizarrías De Belisa Comedia Famosa,Jornada i
Lucinda,Ya te he dicho lo que siento.,Félix Lope De Vega Carpio,Las Bizarrías De Belisa Comedia Famosa,Jornada i
Fabia,"Pues ¿cómo, si quieres bien a don Juan, le estás haciendo tiros con Otavio? ¿A un hombre que te adora?",Félix Lope De Vega Carpio,Las Bizarrías De Belisa Comedia Famosa,Jornada i
Lucinda,"Porque espero a puros celos rendirle, de manera que troquemos la esperanza en posesión y el amor en casamiento.",Félix Lope De Vega Carpio,Las Bizarrías De Belisa Comedia Famosa,Jornada i
Fabia,¿Por mal le quieres llevar?,Félix Lope De Vega Carpio,Las Bizarrías De Belisa Comedia Famosa,Jornada i
Lucinda,"Reducido a tal estremo, ya se casará conmigo.",Félix Lope De Vega Carpio,Las Bizarrías De Belisa Comedia Famosa,Jornada i
Fabia,¿Por bien no es mejor consejo?,Félix Lope De Vega Carpio,Las Bizarrías De Belisa Comedia Famosa,Jornada i
Lucinda,"¡Ay, Fabia, aquí está don Juan!",Félix Lope De Vega Carpio,Las Bizarrías De Belisa Comedia Famosa,Jornada i
Fabia,Y no está ocioso a lo menos.,Félix Lope De Vega Carpio,Las Bizarrías De Belisa Comedia Famosa,Jornada i
Lucinda,"Gentil mujer, bravo talle. Hasta el socarrón de Tello tiene su poco de dama.",Félix Lope De Vega Carpio,Las Bizarrías De Belisa Comedia Famosa,Jornada i
Juan,"Si habéis tenido deseo de conocer a Lucinda, agora veréis si tengo buen gusto.",Félix Lope De Vega Carpio,Las Bizarrías De Belisa Comedia Famosa,Jornada i
Belisa,¿Es esta?,Félix Lope De Vega Carpio,Las Bizarrías De Belisa Comedia Famosa,Jornada i
Juan,¿No veis en la mudanza que han hecho mis ojos que quiere el alma salir a verla por ellos?,Félix Lope De Vega Carpio,Las Bizarrías De Belisa Comedia Famosa,Jornada i
Belisa,Vos estáis bien empleado con tanto: con ella os dejo.,Félix Lope De Vega Carpio,Las Bizarrías De Belisa Comedia Famosa,Jornada i
Juan,"Antes no, que quiero yo probar también a dar celos.",Félix Lope De Vega Carpio,Las Bizarrías De Belisa Comedia Famosa,Jornada i
Belisa,¿De eso tengo de servir?,Félix Lope De Vega Carpio,Las Bizarrías De Belisa Comedia Famosa,Jornada i
Juan,"Ya que por mi amparo os tengo, suplicoos, pues no os importa, que entre los dos la matemos.",Félix Lope De Vega Carpio,Las Bizarrías De Belisa Comedia Famosa,Jornada i
Belisa,"Ahora bien, va de matar. (¿Qué es esto que intento? ¡Ay, cielos! ¿Estoy loca? ¿Soy quien fui? ¿Quién en tanto mal me ha puesto?)",Félix Lope De Vega Carpio,Las Bizarrías De Belisa Comedia Famosa,Jornada i
Lucinda,"Suplico a vuesa merced, mi reina, la del sombrero blanco, que por otra tal me preste ese caballero -si no le ha menester mucho y ha sido galán al vuelo- para hablalle dos palabras; que le volveré tan luego que apenas sienta su falta.",Félix Lope De Vega Carpio,Las Bizarrías De Belisa Comedia Famosa,Jornada i
Belisa,"Ninfa del sombrero negro, y los guantes de achiote, no entra bien con el pie izquierdo si viene a tomar la espada, porque es terminillo nuevo pedir el galán prestado; pero que sepa, le advierto, que soy como amigo ruin que ni convido ni presto. ¿Voy bien?",Félix Lope De Vega Carpio,Las Bizarrías De Belisa Comedia Famosa,Jornada i
Juan,Estremadamente. Decilde más.,Félix Lope De Vega Carpio,Las Bizarrías De Belisa Comedia Famosa,Jornada i
Belisa,¡El despejo con que me pide el galán que es alma de aqueste pecho! ¿Queréis más?,Félix Lope De Vega Carpio,Las Bizarrías De Belisa Comedia Famosa,Jornada i
Juan,"Matalda, muera.",Félix Lope De Vega Carpio,Las Bizarrías De Belisa Comedia Famosa,Jornada i
Lucinda,"¡Ay, Fabia, que estoy muriendo!",Félix Lope De Vega Carpio,Las Bizarrías De Belisa Comedia Famosa,Jornada i
Belisa,"Pero, ¿sobre qué le pide? Quizá nos concertaremos a manera de mohatra, con prendas, ribete y tiempo, porque no hay diamantes chinos, oro en Tíbar, ni en el Cerro de Potosí plata, ni ámbar en la Florida, por...",Félix Lope De Vega Carpio,Las Bizarrías De Belisa Comedia Famosa,Jornada i
Lucinda,"Quedo, no pase de «por».",Félix Lope De Vega Carpio,Las Bizarrías De Belisa Comedia Famosa,Jornada i
Belisa,¿Por qué?,Félix Lope De Vega Carpio,Las Bizarrías De Belisa Comedia Famosa,Jornada i
Lucinda,"Porque si es amor mohatrero, no tengo más prendas yo que palabras, juramentos, papeles, firmas, engaños...",Félix Lope De Vega Carpio,Las Bizarrías De Belisa Comedia Famosa,Jornada i
Belisa,"No hacemos nada con eso. Vuesa merced se ha engañado, que este galán me le llevo como mi marido a casa.",Félix Lope De Vega Carpio,Las Bizarrías De Belisa Comedia Famosa,Jornada i
Lucinda,¿Marido?,Félix Lope De Vega Carpio,Las Bizarrías De Belisa Comedia Famosa,Jornada i
Belisa,Lo que le cuento.,Félix Lope De Vega Carpio,Las Bizarrías De Belisa Comedia Famosa,Jornada i
Lucinda,¡Jesús!,Félix Lope De Vega Carpio,Las Bizarrías De Belisa Comedia Famosa,Jornada i
Belisa,"Si ha de desmayarse del susto de este suceso, acérquese más al río, dama, porque caiga dentro. Dadme la mano, mis ojos.",Félix Lope De Vega Carpio,Las Bizarrías De Belisa Comedia Famosa,Jornada i
Juan,Y el alma es poco.,Félix Lope De Vega Carpio,Las Bizarrías De Belisa Comedia Famosa,Jornada i
Lucinda,"(No quiero verlos ir, vámonos, Fabia.) (Vase furiosa.) (¿Esto llaman amor? ¡Fuego!)",Félix Lope De Vega Carpio,Las Bizarrías De Belisa Comedia Famosa,Jornada i
Juan,"¡Oh, qué bien me habéis vengado!",Félix Lope De Vega Carpio,Las Bizarrías De Belisa Comedia Famosa,Jornada i
Belisa,"(¡Ay, cielos! De mí me vengo.)",Félix Lope De Vega Carpio,Las Bizarrías De Belisa Comedia Famosa,Jornada i
Juan,Muriendo voy por Lucinda.,Félix Lope De Vega Carpio,Las Bizarrías De Belisa Comedia Famosa,Jornada i
Belisa,(Y yo abrasada de celos.),Félix Lope De Vega Carpio,Las Bizarrías De Belisa Comedia Famosa,Jornada i
Tello,Dame tú también la mano.,Félix Lope De Vega Carpio,Las Bizarrías De Belisa Comedia Famosa,Jornada i
Finea,¿Tiénesla lavada?,Félix Lope De Vega Carpio,Las Bizarrías De Belisa Comedia Famosa,Jornada i
Tello,Pienso que ayer hizo tres semanas. ¿Tu nombre?,Félix Lope De Vega Carpio,Las Bizarrías De Belisa Comedia Famosa,Jornada i
Finea,Finea.,Félix Lope De Vega Carpio,Las Bizarrías De Belisa Comedia Famosa,Jornada i
Tello,"Bueno, Fineza te he de llamar.",Félix Lope De Vega Carpio,Las Bizarrías De Belisa Comedia Famosa,Jornada i
Finea,¿Y el tuyo?,Félix Lope De Vega Carpio,Las Bizarrías De Belisa Comedia Famosa,Jornada i
Tello,Tello.,Félix Lope De Vega Carpio,Las Bizarrías De Belisa Comedia Famosa,Jornada i
Finea,"Si es Tello de Meneses, comerás muchas tortillas de huevos.",Félix Lope De Vega Carpio,Las Bizarrías De Belisa Comedia Famosa,Jornada i
Tello,"Mejor estas manecitas como yo, fritas en ellos.",Félix Lope De Vega Carpio,Las Bizarrías De Belisa Comedia Famosa,Jornada i
Finea,"¡Ay, qué Tello!",Félix Lope De Vega Carpio,Las Bizarrías De Belisa Comedia Famosa,Jornada i
Tello,"¡Ay, qué Finea! ¡Ay, qué niña de los cielos!",Félix Lope De Vega Carpio,Las Bizarrías De Belisa Comedia Famosa,Jornada i
Finea,"¡Ay, qué socarrón!",Félix Lope De Vega Carpio,Las Bizarrías De Belisa Comedia Famosa,Jornada i
Tello,¿De quién?,Félix Lope De Vega Carpio,Las Bizarrías De Belisa Comedia Famosa,Jornada i
Finea,"¿De quién, dices? Del infierno.",Félix Lope De Vega Carpio,Las Bizarrías De Belisa Comedia Famosa,Jornada i
Tello,Dame un favor.,Félix Lope De Vega Carpio,Las Bizarrías De Belisa Comedia Famosa,Jornada i
Finea,Tuya soy.,Félix Lope De Vega Carpio,Las Bizarrías De Belisa Comedia Famosa,Jornada i
Tello,¡Qué barbita!,Félix Lope De Vega Carpio,Las Bizarrías De Belisa Comedia Famosa,Jornada i
Finea,¡Qué moreno!,Félix Lope De Vega Carpio,Las Bizarrías De Belisa Comedia Famosa,Jornada i
